Maker,Genmodel,Genmodel_ID,2022,2023,2024,2025,2026
Abarth,124 Spider,2_1,30933.292828,32011.817599119997,33181.125443684796,34430.555059852195,35753.30648114029
Abarth,500,2_2,16743.82470761453,17375.894116596195,18044.551375734,18747.868476895135,19484.85774826318
Abarth,500C,2_3,19115.05881734931,19825.31706095204,20580.28886702626,21376.871808252603,22213.306651164417
Abarth,595,2_4,16664.849928932497,17233.406958086347,17854.117358807387,18520.243938837993,19227.42701636633
Abarth,695,2_6,21980.59963184,22724.6617231136,23539.034866238144,24414.366932827674,25344.58108049878
Abarth,Grande Punto,2_8,20067.90481031168,20865.529069988646,21696.58587987334,22561.954268027876,23462.685905820712
Abarth,Punto Evo,2_9,20997.535476548917,21812.841259154273,22668.137964000824,23562.811620697124,24496.8877822204
Alfa Romeo,147,4_1,20708.094551908453,21533.931901736927,22393.5486752329,23288.072270440767,24218.74231499738
Alfa Romeo,156,4_2,29641.64329725486,30827.782262136156,32061.22481571537,33343.90569250962,34677.824239125956
Alfa Romeo,159,4_4,30315.39789261835,31533.58124808755,32798.82170584618,34113.50261956462,35479.95235618642
Alfa Romeo,166,4_6,37046.27220897911,38526.73599035407,40066.83445507929,41668.8281508602,43335.10549919903
Alfa Romeo,4C,4_7,56487.860771119995,58618.011722964795,60872.17775658339,63243.676762136725,65729.0521593252
Alfa Romeo,Brera,4_9,34949.48894209799,36340.298740694365,37788.891858960866,39296.934351366406,40866.35249805404
Alfa Romeo,GT,4_12,27878.51776933661,28986.669043582027,30141.24319975567,31343.46810384716,32594.809451271925
Alfa Romeo,GTV,4_13,36078.8761196235,37520.721957747315,39020.634391394415,40580.818255786246,42203.60192813293
Alfa Romeo,Giulia,4_10,32278.21221096,33405.9262383984,34627.773165234335,35932.81100595371,37314.072286068855
Alfa Romeo,Giulietta,4_11,21025.35021307035,21820.564793360445,22661.32778533196,23545.33917691121,24471.44354010383
Alfa Romeo,MiTo,4_14,14037.263992098156,14536.356506110307,15074.13213438448,15646.522377380692,16250.980742810503
Alfa Romeo,Spider,4_15,37772.37812667666,39276.94050104005,40843.58519558907,42474.225555567835,44171.02244429919
Alfa Romeo,Stelvio,4_16,36925.8767752,38175.849276208,39543.93944825632,41014.43636688658,42577.13136005204
Aston Martin,DB11,6_2,159947.18813919998,164850.933364768,170399.0710893587,176482.90420593307,183029.7295652704
Aston Martin,DB7,6_3,181368.6193894454,188621.92731034744,196165.7986044883,204011.7264898767,212171.70270831796
Aston Martin,DB9,6_4,164628.03073038405,171042.74519803748,177765.17027286562,184792.2777706149,192125.51936222377
Aston Martin,DBS,6_5,237524.65226586047,246954.92848371575,256783.628712119,267020.326022942,277676.8855774965
Aston Martin,Rapide,6_6,164302.285710246,170014.2877394519,176212.7966695872,182839.86473076075,189858.44865606425
Aston Martin,Vanquish,6_8,216057.51374054395,223854.36311877117,232216.72182354584,241091.1196225043,250444.7746556162
Aston Martin,Vantage,6_9,126558.09068666789,132718.66425071552,138796.1857763508,144886.17567632947,151058.3224316299
Aston Martin,Virage,6_10,196406.6233964504,204093.4088324134,212138.50953578344,220541.00496226625,229304.5136922929
Audi,A1,7_1,16587.681747733746,17226.83869444082,17898.86701597686,18602.89003824682,19338.653478918313
Audi,A2,7_2,22475.47586599997,23373.402675601657,24307.574225098895,25279.342003834077,26290.141050799295
Audi,A3,7_3,22224.31175014307,23149.85022510015,24101.440437570105,25083.415397499077,26099.294153097355
Audi,A4,7_5,29585.567523457194,30781.958318938436,32022.31431787604,33309.56125691713,34646.39176362204
Audi,A5,7_9,33503.908123000234,34884.40635705056,36308.02194772381,37780.11036110662,39305.15205038259
Audi,A6,7_11,35635.22601941233,36969.447174459034,38384.39354142654,39875.08721907601,41438.813263033735
Audi,A7,7_15,50752.09265709894,52637.471279322854,54641.67657165375,56756.43814333048,58977.0618252311
Audi,A8,7_16,69357.75992566682,72136.46511389318,75025.00007228868,78028.15352286807,81150.78707716429
Audi,Q2,7_18,23232.159610559997,24089.8481749824,25003.323627981696,25968.37364130096,26982.550534693
Audi,Q3,7_19,28333.47180368999,29357.997509021396,30456.14819261091,31621.07566857541,32848.59577910047
Audi,Q5,7_20,40765.10841585514,42589.7418931722,44429.15196737709,46301.39232500677,48220.00001326126
Audi,Q7,7_21,54469.82310411293,56690.74117834465,58987.85843052548,61368.01409127943,63837.18358140366
Audi,Q8,7_49,69691.78430896,72050.9107953184,74632.96580693114,77408.29744506838,80357.63844697311
Audi,R8,7_23,119003.7675338744,123596.35642184647,128422.91740935232,133477.7288171688,138759.3642678652
Audi,TT,7_46,30834.75106442858,32021.382668338403,33269.507068004816,34577.37571577802,35944.43259994625
Bmw,1 Series,8_1,23432.554398918855,24401.1110539632,25399.03363148304,26430.309671495284,27498.24234468214
Bmw,2 Series,8_2,25438.0626945,26316.5226119868,27271.839703261037,28294.57262214781,29378.657058563156
Bmw,3 Series,8_5,32455.357009695173,34317.22261078662,36084.46743971064,37804.035284443846,39509.529098822946
Bmw,4 Series,8_7,33125.65112986,34292.955157558004,35554.26795161284,36899.15488110412,38321.02242434702
Bmw,5 Series,8_9,38036.93983857145,39627.01080204642,41260.10659308075,42944.12160807072,44685.41399828026
Bmw,6 Series,8_11,45963.8396238949,46336.61733672643,47164.0389197085,48332.370299155955,49762.90398698357
Bmw,7 Series,8_14,66296.21220423482,68703.12130589558,71279.78858757534,74010.95983168912,76887.38401538423
Bmw,Alpina B3,8_16,62197.73297403249,64365.07746510595,66715.28518418869,69226.8198258912,71885.93888296132
Bmw,Alpina B5,8_18,81064.9806716552,83848.25485047224,86880.6575108567,90130.81453774688,93578.4986277759
Bmw,Alpina B6,8_19,103928.03264616698,107488.10484809287,111369.69466927204,115531.92839512174,119948.41768828178
Bmw,Alpina D5 Bi-Turbo,8_23,61983.245544643985,64090.837668489185,66394.25478667037,68867.87350614631,71495.08241599855
Bmw,X1,8_35,28852.708509493248,29936.81076680847,31085.27893933566,32294.38711620748,33562.15051436465
Bmw,X2,8_36,32558.18239424,33660.3047060096,34866.573405449984,36163.135899507986,37540.991025976306
Bmw,X3,8_37,37210.35178330197,38672.453416516175,40200.93284649431,41796.07706567633,43458.89498202895
Bmw,X4,8_38,41632.34300528,43116.507014211194,44714.37649688365,46414.19799823179,48208.638427192025
Bmw,X5,8_39,51671.19198575559,53647.66165945611,55730.303521823575,57915.23043988896,60200.84000151923
Bmw,X6,8_41,62455.59020923408,65106.267340383856,67817.2354999455,70604.62714610572,73481.10379026362
Bmw,Z3,8_43,37822.64901292111,39334.94252102787,40907.91150518193,42543.927863708275,44245.47490707995
Bmw,Z4,8_45,31948.21800204173,33114.70597348681,34361.28568838067,35681.13114908397,37070.15221826498
Bmw,i3,8_27,35726.41551411999,37058.82953170479,38473.532890886985,39965.11933106227,41530.57569148262
Bmw,i8,8_28,116025.5846815,120042.59023705,124407.481364335,129078.0118813705,134027.0942403488
Bentley,Arnage,10_1,256310.6324241856,266534.0885994094,277175.17375816527,288247.9858388375,299767.968863633
Bentley,Bentayga,10_3,150478.25516639996,154901.21786025597,159979.9493157062,165597.02520706246,171673.42075845457
Bentley,Brooklands,10_4,355014.15374345554,369163.964585092,383894.9944528245,399225.9241299677,415177.5520244875
Bentley,Continental,10_5,152394.97329328084,157885.40196731256,163777.05886561543,170031.5097939673,176625.12818733507
Bentley,Flying Spur,10_6,137736.41340401,141230.071142807,145468.21483036492,150299.20201287145,155619.75110589067
Bentley,Mulsanne,10_7,238074.26362549895,244105.36053784925,251425.26341649448,259771.25587314612,268964.39345206623
Cadillac,BLS,14_1,31938.909488333768,33211.85083599006,34537.09434711572,35916.3167553806,37351.38646966199
Cadillac,CTS,14_2,39846.72720345742,41438.24853174094,43094.135041112226,44816.75004042787,46608.61476041481
Cadillac,Escalade,14_3,81084.3818590813,84340.17741319984,87722.47870555654,91237.46379085888,94891.22249844932
Cadillac,SRX,14_4,41374.062550401155,43018.03467811753,44731.06280323247,46514.92003195493,48371.74713484834
Cadillac,STS,14_5,51870.10638406413,53937.70721279217,56090.17310265968,58330.25034771515,60660.98958628811
Chevrolet,Aveo,16_2,12445.476892748922,12932.027040933584,13441.41987330322,13973.554893747956,14528.6318473567
Chevrolet,Blazer,16_3,42620.06291442697,44323.89924799536,46096.17888980909,47939.5526157272,49856.80331958431
Chevrolet,Camaro,16_4,40031.03964264976,41523.18780481455,43107.749920528295,44778.60413981424,46532.32926113218
Chevrolet,Captiva,16_5,24598.97777450044,25537.289218700054,26526.827420701775,27565.53316080745,28652.49733753407
Chevrolet,Cruze,16_7,16991.070631161172,17643.713351183822,18330.561811574516,19050.55423247784,19803.315365685194
Chevrolet,Epica,16_8,21053.04151668974,21892.782459349215,22766.827255117503,23676.333793498223,24622.57055896137
Chevrolet,Kalos,16_10,10623.404202751926,11046.408832243911,11486.913108501009,11945.443178918184,12422.598388328908
Chevrolet,Lacetti,16_11,14909.440705948584,15502.951793496932,16121.063286754092,16764.501213286356,17434.098038361277
Chevrolet,Matiz,16_12,10025.26290437735,10425.730740089415,10842.38009336887,11275.809383676742,11726.655619624991
Chevrolet,Orlando,16_13,20802.566582173433,21594.79400164735,22430.67309104413,23308.361145217517,24227.018382398353
Chevrolet,Spark,16_14,10257.467334205196,10662.18262180167,11084.761542633523,11525.416135510714,11984.517672751435
Chevrolet,Tacuma,16_16,17100.7249256913,17782.18677378368,18491.677240480338,19230.08642712127,19998.409352121325
Chevrolet,Trax,16_18,17872.33858408979,18536.94659187338,19243.224580642316,19988.313651433808,20770.59825878722
Chevrolet,Volt,16_19,41201.84465962256,42737.53085046627,44368.36076760608,46088.02527649514,47892.99734228431
Chrysler,300C,17_1,34559.71925547036,35829.90413439102,37184.55757585796,38616.95997215618,40123.15243632717
Chrysler,Crossfire,17_2,39180.55065346808,40741.661265393035,42367.04972605912,44058.73712213674,45818.99039194689
Chrysler,Delta,17_3,19943.86894311882,20709.34121877965,21515.11713008608,22359.903399078197,23243.2266436934
Chrysler,Grand Voyager,17_4,32295.722535220248,33510.816497402346,34797.53469983974,36151.83596761224,37571.58932216197
Chrysler,Neon,17_5,24195.81042532831,25163.639138248793,26170.18211091389,27216.98758034505,28305.665813055075
Chrysler,PT Cruiser,17_7,24241.434415617896,25213.51565796947,26223.75299029706,27273.890804115108,28365.67782222403
Chrysler,Sebring,17_8,26729.07503594055,27786.668213507313,28890.036065338005,30039.9682942548,31237.59857643729
Chrysler,Voyager,17_9,29415.237911836804,30588.60440910741,31809.878472029704,33080.684531501494,34402.79955717497
Chrysler,Ypsilon,17_10,11654.635087629636,12082.35312702202,12538.72009722394,13021.419892697628,13529.082382514842
Citroen,Berlingo,18_2,18961.97985659564,20073.258971130548,21123.14927416553,22140.947206064982,23147.595466960563
Citroen,Berlingo Multispace,18_3,15223.421309657384,15808.267832468482,16423.735315064583,17068.88046617532,17743.37270177804
Citroen,C-Crosser,18_4,33083.24366306049,34406.64688523684,35782.96419360407,37214.31876441866,38702.916717144704
Citroen,C-Zero,18_5,22160.937290996768,22686.228793617734,23340.875753049215,24097.549248551924,24937.57814426052
Citroen,C1,18_6,9658.825581528348,10026.065970660244,10413.729765596188,10820.913765496707,11247.194682610248
Citroen,C2,18_7,12811.888649803615,13324.154349986513,13856.973631919496,14411.14975274974,14987.523765747155
Citroen,C3,18_8,12298.73898546145,12755.470381202214,13241.036481875915,13753.421040948884,14291.47805244539
Citroen,C3 Aircross,18_9,15065.53906624,15575.5204448896,16133.693133885185,16733.647169080592,17371.217472731816
Citroen,C3 Picasso,18_10,18344.02139840221,19151.593583630347,19969.325257479995,20804.2658191323,21661.753737844763
Citroen,C3 Pluriel,18_11,21350.240062853125,22205.721072624136,23094.979900608923,24019.500086189153,24980.78478232583
Citroen,C4,18_12,16797.719366284175,17430.439387387723,18100.22483539976,18805.03133957732,19543.790850693513
Citroen,C4 Cactus,18_13,18316.30937,19377.534959,20382.6376073,21358.94398655,22326.0023584826
Citroen,C4 Picasso,18_14,22704.124094000203,23742.18785780014,24782.8045321401,25837.767125445273,26915.833098876778
Citroen,C5,18_15,27007.232972417507,28144.42255375005,29310.029639605134,30510.311953782904,31750.241221949713
Citroen,C6,18_16,53767.56242965181,55953.718062793065,58216.68398047341,60562.72337631039,62997.39273699543
Citroen,C8,18_17,34313.8965511117,35691.06033527036,37121.92829416112,38609.063307763514,40155.00635735922
Citroen,Dispatch,18_18,26340.69560222909,27320.41306556036,28361.49233565225,29459.73595230697,30612.774136659296
Citroen,Grand C4 Picasso,18_24,24677.327152828275,25743.85818703739,26829.219078186077,27941.31243588055,29086.2121495127
Citroen,Nemo Multispace,18_25,16176.334624035662,16825.50224386645,17500.00229802966,18201.03836503683,18929.805082198494
Citroen,Saxo,18_26,12895.635764434774,13411.382444314217,13947.78261659822,14505.655333420153,15085.85453526756
Citroen,SpaceTourer,18_27,31636.607556959993,32774.30504523839,33995.840477247926,35293.068357477845,36660.96707457496
Citroen,Synergie,18_28,35197.478752126306,36605.18563955402,38069.25848127605,39591.93461182499,41175.54605020653
Citroen,Xantia,18_31,24706.942370270615,25695.036815678715,26722.71001372395,27791.528622065576,28903.126912403062
Citroen,Xsara,18_29,19393.598496704424,20169.114128882895,20975.718878655414,21814.63576303368,22687.142884017463
Citroen,Xsara Picasso,18_30,25515.11679953608,26547.27024731355,27617.24520026331,28727.593908413903,29880.6588948485
Corvette,C6,19_1,71386.12141781002,74233.56963364326,77197.31477037357,80281.28900715774,83489.7977196225
Corvette,Stingray,19_3,70687.3528997328,73315.96138122212,76109.37989232101,79056.30112710886,82150.33539955971
Ds,3,21_1,16652.146741852037,17423.680447296425,18194.441150227496,18973.888235764047,19769.012372863825
Ds,4,21_3,22653.907518514297,23573.747969980806,24526.2767942882,25514.033099915432,26539.28808761105
Ds,5,21_5,30222.785096199997,31472.5578532408,32760.063114605393,34090.48770225408,35468.12265448937
Dacia,Duster,22_1,10084.5207040795,10431.72633830845,10809.672756086828,11214.533821302528,11643.847082635188
Dacia,Logan MCV,22_2,7701.872270674999,7975.481354170099,8270.374543204573,8584.301279340125,8915.85155859889
Dacia,Sandero,22_3,6528.661475659499,6765.170232961649,7018.530651073153,7287.199403271207,7570.236647710644
Daewoo,Kalos,23_1,12178.083682362392,12664.617208481242,13170.789021997542,13697.331570501376,14245.022524658189
Daewoo,Lacetti,23_2,16007.415666248602,16646.845790760046,17312.1130708935,18004.173007681376,18724.04271775513
Daewoo,Lanos,23_6,14172.319908027965,14738.903727150066,15328.243592196755,15941.221937057113,16578.764835360133
Daewoo,Leganza,23_7,21746.96255941018,22616.33679066194,23520.63727250116,24461.21567055013,25439.491332376383
Daewoo,Matiz,23_3,9925.682203464266,10322.17753043947,10734.692258842691,11163.81928822635,11610.189597076367
Daewoo,Musso,23_8,34434.29236035081,35811.17560547314,37243.280715187866,38732.77260364244,40281.91596968108
Daewoo,Nubira,23_4,18434.66307356155,19171.330123468113,19937.679697281703,20734.83434338538,21563.98093786948
Daewoo,Tacuma,23_5,18408.125147886574,19143.637401176427,19908.813970385556,20704.768280414428,21532.68023748042
Daihatsu,Charade,24_2,10606.65468104645,11030.334472881936,11471.137375012751,11929.695536264138,12406.682224090317
Daihatsu,Copen,24_3,16718.159565821134,17380.93256244693,18072.00249473987,18791.965435386017,19541.60204140104
Daihatsu,Cuore,24_4,13744.480385776213,14294.236939884464,14865.990554553884,15460.61907268787,16079.036062761666
Daihatsu,Fourtrak,24_5,31799.579698883696,33071.32089142554,34394.0043302931,35769.64592575221,37200.34875835546
Daihatsu,Materia,24_6,15237.0646544454,15840.80159496624,16470.411706805004,17126.412808705285,17809.498564593152
Daihatsu,Sirion,24_7,11885.831850410244,12359.006273067862,12851.785328039425,13364.74990399519,13898.565114138932
Daihatsu,Terios,24_8,18048.56834391287,18766.111341075084,19513.67597910208,20292.06714733495,21102.24072357651
Daihatsu,YRV,24_9,14621.972342553328,15206.491270544402,15814.498945368436,16446.902519984757,17104.655152545252
Dodge,Avenger,26_1,23906.79591938101,24861.980932748713,25855.699393673385,26889.39482595063,27964.597838559872
Dodge,Caliber,26_2,19491.180670069552,20269.98649139038,21080.196967208627,21922.992557210815,22799.62365741894
Dodge,Journey,26_5,23182.699941682295,24100.165377874895,25057.282199957608,26054.750632833315,27093.564659560827
Dodge,Nitro,26_6,33533.061038997264,34879.728789127905,36278.659656692544,37732.42524415992,39243.55569476608
Ferrari,360,27_2,189041.9064723566,196598.3634810335,204458.64454512275,212634.43289432116,221138.02000726943
Ferrari,456,27_4,316714.70491720596,329375.87701922323,342545.7208337225,356243.91578068264,370491.12869143777
Ferrari,458,27_6,193736.21701949692,200367.80935460015,207600.02228681056,215356.27356890147,223587.0997850904
Ferrari,488,27_7,199843.07091611196,206607.37985431647,214011.08531958112,221969.1159221288,230426.19159184903
Ferrari,550,27_8,277809.8168467926,288916.33043478185,300468.86829205544,312484.7422716553,324982.11543606385
Ferrari,612,27_11,306195.494082493,318453.57206341997,331198.89569829585,344451.87805286504,358233.4717436258
Ferrari,812 Superfast,27_12,285248.161588864,294904.05575001857,305472.3953683393,316831.8153548969,328903.45488936955
Ferrari,California,27_13,184314.20233407308,191435.3123173492,198916.7041329824,206750.1578243591,214933.91400557372
Ferrari,F12berlinetta,27_16,262168.48405480396,271083.36819105654,280826.4042605411,291289.25137025234,302401.67508256517
Ferrari,F355,27_17,206256.08933749108,214505.34917037847,223084.87451876505,232007.7874666156,241287.76154225023
Ferrari,F430,27_18,242681.7829817091,252497.2349006067,262672.85071637144,273232.7732388446,284199.1901140712
Ferrari,FF,27_19,258729.6071153361,267812.5741033055,277638.7249597869,288123.8274828229,299214.46804938687
Ferrari,Gtc4lusso,27_20,210090.741872,216591.72310687997,223923.5381231552,231948.1819124814,240573.50077406067
Ferrari,Portofino,27_23,169831.29399999997,174368.63475999996,179764.24245039996,185849.41575841597,192509.6149157526
Fiat,124 Spider,28_1,21808.880284,22564.37882536,23385.154309374397,24263.300713449375,25193.750904177352
Fiat,500,28_2,12302.759781706674,12780.184690817072,13281.112240939248,13805.160844319464,14352.330157712093
Fiat,500L,28_4,15556.114689399998,16136.095924179996,16751.955414189997,17401.32458788756,18082.881241394036
Fiat,500X,28_5,16448.9958964,17053.109465655998,17697.54145766224,18379.05844533473,19095.75151370432
Fiat,Barchetta,28_8,27417.293896151252,28513.40651254721,29653.53737543404,30839.395092120852,32072.772250974307
Fiat,Brava,28_9,20539.587632272815,21360.99608928992,22215.31339906986,23103.840161378488,24027.93372627571
Fiat,Bravo,28_10,19585.239524425673,20375.036884667785,21194.509805540056,22045.42020960155,22929.428026273537
Fiat,Croma,28_11,24476.289151930996,25453.37239799646,26470.129469908075,27527.970171898625,28628.41384501053
Fiat,Doblo,28_12,14133.360824530437,14560.413313171302,15046.032484659912,15580.11563131954,16155.88954966358
Fiat,Fiorino,28_13,18247.50600183523,18956.856582084663,19700.746083491264,20478.706593517163,21290.806323938225
Fiat,Grande Punto,28_15,13583.37240129959,14128.93966369604,14695.65990668501,15284.5801624612,15896.729070615802
Fiat,Idea,28_16,16747.41671420791,17416.305494457913,18112.25219241341,18836.24841483397,19589.35264573415
Fiat,Marea,28_30,23757.200610583623,24707.133847109773,25695.170849466125,26722.80383737514,27791.594298621407
Fiat,Multipla,28_17,23055.019789356826,23979.56914298499,24940.395902142125,25939.16253363422,26977.534591764073
Fiat,Panda,28_18,9979.164566908616,10339.72724875283,10726.293608120452,11136.429441037528,11568.645480693607
Fiat,Punto,28_19,11544.394717046687,11988.35709799028,12455.4219964931,12944.910306561069,13456.596719969286
Fiat,Punto Evo,28_20,14058.018759820308,14618.30879564806,15201.61964727844,15808.6893830327,16440.34042325819
Fiat,Qubo,28_21,12554.471748900862,12934.335664230604,13366.088622561423,13840.797839696996,14352.475723848056
Fiat,Scudo,28_22,28697.51737283444,29814.05075496035,30984.655666207535,32208.671909589983,33486.25979768748
Fiat,Sedici,28_23,16486.452981755636,17143.329336106544,17827.255274107287,18539.08042026111,19279.758091704232
Fiat,Seicento,28_24,9983.717188389204,10382.73605439825,10797.814621505617,11229.565593817846,11678.635088786965
Fiat,Stilo,28_26,15696.551090654804,16322.340615470952,16973.783476922756,17651.719281782745,18357.07717910221
Fiat,Tipo,28_28,14680.45831632,15218.3649109728,15792.581290811711,16400.12179082418,17039.21273632315
Fiat,Ulysse,28_29,29896.30027628136,31090.7758190114,32333.443323947005,33626.106587427494,34970.67872229042
Ford,B-Max,29_1,16200.7844579395,16873.88652067285,17566.391460590803,18281.331754378163,19021.184269307894
Ford,C-Max,29_2,21774.715080116297,22691.71239608141,23631.586990856984,24599.39473974389,25599.15151781048
Ford,Cougar,29_3,39842.88376035941,41436.15541696424,43093.29104797613,44816.80527992849,46609.325304148966
Ford,EcoSport,29_4,16670.485924405,17286.626597464296,17942.616526621037,18635.488593366597,19363.525321077766
Ford,Edge,29_5,34651.70111431999,35950.65847789279,37327.70734030851,38778.13140023085,40299.377692657086
Ford,Explorer,29_9,53773.91055271386,55924.47590396462,58161.18119052275,60487.43681342334,62906.80014865605
Ford,Fiesta,29_13,13666.862426267104,14300.800141625372,14933.916400105696,15574.03203308064,16226.924598283367
Ford,Focus,29_14,18826.59475798567,19649.993118455568,20485.22704229912,21339.100063364815,22216.788823461025
Ford,Focus C-Max,29_15,24046.02480806389,25014.292518634855,26019.36292215414,27063.28653098203,28148.02235658052
Ford,Fusion,29_18,16426.47196887601,17079.82105938352,17760.417049985594,18469.01593574373,19206.50411580458
Ford,Galaxy,29_19,29922.694038844427,31070.8712809639,32279.594768598443,33546.90060481957,34872.062060846394
Ford,Grand C-Max,29_20,23721.6804975118,24581.02454025826,25501.599297860783,26477.796912969745,27506.20233972471
Ford,Grand Tourneo Connect,29_21,22225.72561324,23188.2466066696,24167.220849166384,25169.920747894044,26201.925323142503
Ford,Ka,29_23,10782.983866849936,11285.449346794954,11786.669608356468,12292.997994073528,12809.12103480443
Ford,Kuga,29_25,23011.457235008565,23798.71523250599,24657.423637474196,25578.45243994074,26555.902837415673
Ford,Maverick,29_26,33120.64329205081,34444.50572553376,35821.61164581575,37254.00409553083,38743.83384806977
Ford,Mondeo,29_27,20869.838255569273,21627.75737284409,22439.05557869429,23298.949339497565,24204.53938943632
Ford,Mustang,29_28,35399.14656532,36747.6171966328,38170.27522258811,39664.01356815464,41227.42324654493
Ford,Puma,29_29,23423.904387054736,24360.37013429328,25334.44163989446,26347.578995650852,27401.313938589316
Ford,S-Max,29_31,28173.43314486171,29280.645055559995,30438.06306721507,31645.920136506546,32904.99112458882
Ford,Streetka,29_32,20682.378572138623,21508.087404458627,22367.300483241095,23261.215210393624,24191.11971428539
Ford,Tourneo Connect,29_34,17950.77287532,18693.8216821128,19459.087073643313,20249.70932356125,21068.27883338424
Ford,Tourneo Courier,29_39,15033.5684,15435.216536,15912.83897744,16451.502182537602,17041.067022039104
Ford,Transit Courier,29_37,18460.28,18954.279199999997,19541.361967999997,20203.25456672,20927.5514333888
Honda,Accord,34_1,27773.279668242132,28870.052240536625,30014.943300053455,31208.603310982355,32452.091038670376
Honda,CR-V,34_3,25112.983610216925,26048.817707209448,27042.690742306517,28090.74260076486,29190.81326493172
Honda,CR-Z,34_4,23520.025684925153,24448.45565229715,25417.73413637154,26428.381682414147,27481.27367612214
Honda,Civic,34_2,19832.164015721817,20667.788047690072,21524.13579953524,22405.846592472943,23316.602208841272
Honda,FR-V,34_7,24314.023544494456,25284.069159685736,26293.67119746122,27344.185535331304,28437.090199724706
Honda,HR-V,34_8,19864.347114248387,20545.526179973873,21287.97085398171,22083.9262269072,22928.38885311984
Honda,Insight,34_9,25163.441568688628,26173.494682078635,27222.895284811508,28313.533667018775,29447.280813269892
Honda,Integra,34_10,38908.07857655365,40463.90364270892,42082.11113458247,43765.151522281405,45515.5867427936
Honda,Jazz,34_11,14495.840724591291,15052.057979213903,15637.608836329731,16251.54116634601,16893.502396594013
Honda,Legend,34_12,54069.85215727157,56224.754301472014,58468.2201140676,60803.081867006,63232.49820554923
Honda,Prelude,34_19,39512.147463514106,41092.38789410568,42735.911582305605,44445.22776630282,46222.95268144843
Honda,S2000,34_16,41472.26424633218,43124.59967506132,44844.99506327687,46635.58284665711,48498.75774711781
Honda,Stream,34_18,30212.907884804037,31421.140742241212,32677.787951362377,33984.760575018925,35344.05377194112
Hummer,H2,35_2,72828.006300913,75725.92687628609,78744.32417767314,81886.64930321499,85156.90178624804
Hummer,H3,35_3,42076.42677041059,43757.312703837306,45506.08541581801,47325.26497512977,49217.53087401029
Hyundai,Accent,36_1,13586.107041847365,14128.656015049834,14693.17553972183,15280.463860159703,15891.375323760396
Hyundai,Amica,36_2,8918.257494380116,9274.07986759479,9644.40751370621,10029.7389302398,10430.617068639129
Hyundai,Coupe,36_3,26086.177018934264,27131.835560203737,28218.65700497035,29348.486900820095,30523.18490780855
Hyundai,Elantra,36_4,18602.895636308403,19346.080694288907,20119.27238483018,20923.587204162184,21760.211439085833
Hyundai,Genesis,36_5,53850.36492974,55773.5009275796,57842.82594513779,60043.408469261805,62365.95344845523
Hyundai,Getz,36_6,11402.241347824403,11857.06083321216,12330.45414857299,12823.04993193855,13335.53626141194
Hyundai,Grandeur,36_7,39758.3042660865,41340.386887823384,42988.22767910172,44703.71450730157,46489.033492318675
Hyundai,Ioniq,36_14,22540.38291392,23348.2823984768,24216.612612015873,25139.35635881651,26112.78608279317
Hyundai,Kona,36_17,17470.77752384,18062.1782807936,18709.464171225343,19405.201869514356,20144.561336302933
Hyundai,Matrix,36_18,15592.915125364412,16215.257747323396,16862.906269077415,17536.749268143274,18237.747962680936
Hyundai,Santa Fe,36_20,34422.860878192936,35881.719280283854,37374.348828369446,38909.47532531619,40493.96111899722
Hyundai,Sonata,36_21,21344.753656998055,22189.20041335453,23070.228056942306,23988.458918157507,24944.792492140063
Hyundai,Terracan,36_22,31408.92856362551,32663.32366128617,33968.48317631855,35326.26110137795,36738.638564037734
Hyundai,Trajet,36_23,26287.12114837541,27337.17311727678,28429.657028044297,29566.141199419584,30748.295370573825
Hyundai,Tucson,36_24,21134.58931561012,22005.78052092708,22904.07708464895,23832.885908054268,24795.05336238999
Hyundai,Veloster,36_25,21206.79223105572,22018.24609634329,22873.203463428756,23770.09086822812,24708.2659893408
Hyundai,XG30,36_26,40244.51051971694,41853.625830474055,43527.30528667092,45268.07159422229,47078.56632525036
Hyundai,i10,36_8,9852.61907657369,10203.933513601583,10582.137625921108,10984.455871200777,11409.15702421878
Hyundai,i20,36_9,13391.485729461843,14081.59585062329,14752.975169036305,15418.775014869414,16088.50260281435
Hyundai,i30,36_10,16995.076597042003,17641.5886230622,18323.948441481654,19040.593770588795,19790.798695425863
Hyundai,i40,36_12,21859.07947175,22678.408430225,23547.0208131575,24461.934877690248,25421.535535202373
Hyundai,i800,36_13,25791.855227516706,26669.63203526169,27628.68913572318,28658.426974487826,29751.977244802343
Hyundai,ix20,36_15,15412.978811971996,15985.956848380396,16594.916341066277,17237.377847834392,17911.938358935593
Hyundai,ix35,36_16,20119.337286920647,20885.58746771451,21694.04464894502,22542.930012668166,23431.433717610635
Infiniti,EX,37_1,39610.51585849385,41068.93544472825,42623.492128843645,44266.69130042577,45994.14059294267
Infiniti,FX,37_2,47442.24726934746,49121.56807258162,50933.572434207075,52863.91447868089,54903.570460802
Infiniti,G,37_3,41828.80674516711,43438.932700305,45132.37158804904,46906.78355738329,48761.436873747225
Infiniti,M,37_4,37203.6183964348,38468.81729616676,39851.50790272563,41336.3247591332,42913.3073277075
Infiniti,Q30,37_5,21307.62538,21910.866982,22612.95727204,23395.4344904536,24245.823119344142
Infiniti,Q50,37_6,39325.464669999994,41883.339637,44248.07268862,46500.5752224628,48698.40396976992
Infiniti,Q60,37_7,36893.66631396,38142.3520772184,39509.103537797135,40978.20784355202,42539.45427226421
Infiniti,QX30,37_9,29797.356739999996,30588.785749999995,31532.011498279993,32597.063981007195,33763.58695620469
Isuzu,Trooper,38_4,43722.33369045697,45471.56136913123,47290.65785563567,49182.44799207853,51149.86058731387
Jaguar,E-PACE,39_1,30923.713533280003,31970.5076766112,33116.219905075646,34347.69304625867,35656.37780959502
Jaguar,F-PACE,39_2,37687.85192911999,38979.32882828479,40387.275956816185,41896.90877786883,43498.68437692959
Jaguar,F-Type,39_3,55072.87093739149,56888.40220114685,58892.76978757451,61058.66262794474,63368.136567269605
Jaguar,S-Type,39_4,45687.60984847825,47512.84377977697,49411.76820711976,51387.12640871075,53441.83269637353
Jaguar,X-Type,39_5,32083.689861250492,33363.64882430328,34695.82273529735,36081.9952153246,37524.11272336833
Jaguar,XE,39_6,30410.887003819997,31522.105117662795,32709.33716595231,33966.15414309851,35288.710752178114
Jaguar,XF,39_7,35126.358705516526,36375.99273876397,37722.23822783327,39154.971802609725,40667.86150667831
Jaguar,XJ,39_8,57002.628007703635,58347.35947739254,60026.49230105478,61969.218904293535,64127.15449830288
Jaguar,XK,39_9,65514.07665626396,67960.87525437953,70557.67513686023,73294.83755294849,76167.02984249614
Jaguar,XK8,39_10,85600.81754733429,89020.45257629883,92578.1923083006,96279.16514089752,100128.82334471884
Jeep,Cherokee,40_1,33182.576152199326,34609.35723677953,36063.366153195275,37554.64503818428,39090.95180691448
Jeep,Commander,40_2,46050.42801614717,47890.320727035294,49804.44646928627,51795.58336727642,53866.67802942057
Jeep,Compass,40_3,24303.79731174182,25327.264053220875,26376.27500965627,27456.470286057123,28572.330090709627
Jeep,Grand Cherokee,40_4,49870.26626949723,51937.89678864806,54066.38656805364,56264.72376627755,58540.28993177989
Jeep,Patriot,40_5,20534.238628419334,21345.661835646504,22192.52587253564,23075.35320186136,23994.955736032814
Jeep,Renegade,40_6,19649.52748141,20322.7699305934,21056.763672766036,21843.792281140908,22678.874615411507
Jeep,Wrangler,40_7,34854.26963543627,36351.60351088539,37877.881814342974,39443.54700103221,41056.67382095436
Kia,'Cee''d',43_2,16357.210083136497,16965.134664774745,17611.28537618469,18293.018518605342,19008.836468510846
Kia,'Pro_Cee''d',43_8,19102.94443070071,20054.2931962105,20987.52661585615,21918.770864748454,22859.741928319036
Kia,Carens,43_1,19504.340420953664,20147.440598667563,20857.386815227295,21624.516302665503,22442.480765152508
Kia,Cerato,43_3,16212.045987868974,16858.930314562258,17532.169268169717,18232.67325761398,18961.432241020775
Kia,Magentis,43_4,26508.930729882053,27578.868578655605,28688.729755506614,29840.97344932023,31037.898539808393
Kia,Niro,43_5,23452.78906992,24260.7136107168,25140.011239745472,26081.820048555295,27080.438701951505
Kia,Optima,43_6,22576.664176599996,23345.878043619996,24186.016275333997,25087.869103325796,26045.472391343737
Kia,Picanto,43_7,9177.28485944288,9522.914344022816,9888.807580925284,10273.843548361385,10677.4358552352
Kia,Rio,43_9,12569.113045767106,13105.330406532972,13652.96061004892,14215.470925529118,14795.56408630505
Kia,Sedona,43_10,27937.21380389206,29062.9481874982,30231.238197013452,31444.52818230472,32705.137629784414
Kia,Sephia,43_17,17042.85544832394,17724.423965578637,18433.298933727,19170.559497743736,19937.33190232084
Kia,Sorento,43_11,29746.652940032523,30723.709986022768,31803.69203533594,32971.56327165996,34217.43229096376
Kia,Soul,43_12,14294.524740403347,14782.902294282345,15315.83598103764,15887.601736767949,16494.498427780825
Kia,Soul EV,43_18,31440.867199999997,32280.865088,33279.75393152,34406.3020567808,35639.304716652034
Kia,Sportage,43_13,19757.70445065498,20487.917797391285,21265.368127384012,22086.536385147327,22949.385313420786
Kia,Stinger,43_14,34045.05707712,35197.5113682048,36458.868228533,37814.64244159432,39255.42177800209
Kia,Stonic,43_15,17580.10654464,18175.2081824256,18826.544672922624,19526.63617407953,20270.62242101071
Kia,Venga,43_16,14796.077902828249,15542.315139979775,16272.083630305842,16998.62009482689,17731.522082136136
Lamborghini,Aventador,45_1,287106.24540300004,296917.18635955924,307622.55761224905,319107.5385755542,331297.8951797471
Lamborghini,Gallardo,45_3,175332.7412391006,182170.42015409164,189334.2954460542,196821.6082039556,204634.23119015532
Lamborghini,Huracan,45_4,171356.94593639998,176670.22046536798,182658.32696804113,189209.56842560368,196249.38702781644
Lamborghini,Murcielago,45_5,316459.8634035415,329143.93052748597,342327.6585600474,356033.34447047266,370283.4839469079
Land Rover,Discovery,47_6,48137.38297148491,50135.58209726824,52191.89804600572,54315.198833238675,56512.74419234313
Land Rover,Discovery Sport,47_10,31146.93392832,32073.837551884804,33133.50944046259,34302.55268863278,35565.24680556427
Land Rover,Freelander,47_11,28010.171010295737,29114.130958276328,30267.18337190551,31469.811729490422,32722.962914566127
Land Rover,Range Rover,47_13,82308.22104718238,85333.54115550447,88559.97668822901,91971.54147631122,95558.8191397508
Land Rover,Range Rover Evoque,47_14,32239.442705748497,33313.93062618394,34495.924999775154,35770.36800374686,37127.40692668322
Land Rover,Range Rover Sport,47_15,64288.34184954198,66704.49376769058,69263.90628931505,71958.32548052946,74783.3625574999
Land Rover,Range Rover Velar,47_16,48733.41102159999,50383.07865246399,52188.63363156255,54129.34125992506,56191.728508492066
Lexus,CT,48_1,25086.203368370698,26014.668757859487,27002.76758650164,28046.136744791147,29142.2631329634
Lexus,GS,48_2,38732.64089619868,40230.800221015874,41804.22981213498,43451.33731221531,45171.84762002038
Lexus,IS,48_8,32034.739332717756,33133.77993290243,34331.4868490317,35615.395326162194,36977.465441427135
Lexus,LC,48_14,81493.85210431999,84252.4886764928,87271.80596515251,90517.1306228786,93965.93254117775
Lexus,LS,48_15,78782.71113181786,81555.34903886452,84552.49362366085,87749.0448048765,91129.12260246002
Lexus,NX,48_18,33667.57288552,34860.2732599408,36146.882411638435,37517.296463013976,38965.16544997154
Lexus,RC,48_21,41492.04424491999,42527.37843584079,43791.43026806122,45237.157165134435,46832.492232185345
Lexus,RX,48_24,44838.27797678003,46382.64993227722,48063.544515066504,49863.998305517904,51773.09664463274
Lexus,SC,48_30,90957.82557264564,94600.88337264973,98388.2400515245,102326.09459436362,106420.76583668288
Lotus,Elise,51_3,35206.919894185965,36587.50881588858,38031.62765667874,39539.325704654126,41111.40179203606
Lotus,Evora,51_6,79630.37936268383,83305.75371065308,86981.09528050253,90700.51708671896,94496.66236668517
Lotus,Exige,51_7,62086.14199885002,64491.36147008142,67016.25758277885,69658.57704381594,72418.08853597673
Mg,GS,53_1,15314.969299999995,15724.998445999998,16212.199645639996,16761.428514725598,17362.40427359662
Mg,MG3,53_2,9226.596111875,9553.7822620181,9906.619166466497,10282.363862902524,10679.294368262785
Mg,MG6,53_3,15804.503684074676,16354.716714202545,16951.528400706065,17589.4256492891,18264.88795404902
Mg,TF,53_5,19024.59051229337,19774.49650253253,20557.72202145703,21374.60286349155,22225.78735085458
Mg,ZR,53_6,17576.456503060304,18278.867945902733,19009.569891642856,19769.635746841377,20560.199318388
Mg,ZS,53_7,13322.547347954998,13807.932436010098,14326.987969346334,14876.784253247268,15455.557358966116
Mg,ZT,53_8,28679.617145334018,29825.176563644534,31017.045938938332,32256.931395419473,33546.65118448278
Mini,Clubman,54_1,20741.10177949919,21592.391220203033,22471.238627677867,23380.69440385168,24323.34654175244
Mini,Convertible,54_3,20428.099512679066,21252.840996091345,22108.28688796858,22996.350939910833,23918.817781003723
Mini,Cooper s,54_10,23486.818546193223,24412.28279886006,25378.968168387837,26387.262735424712,27437.948333052656
Mini,Countryman,54_4,18473.1153679198,19114.21080754066,19810.298817275136,20554.774474169135,21343.410046077996
Mini,Coupe,54_5,19678.528382982495,20415.161626111796,21196.41256662327,22019.520202115094,22882.97680317853
Mini,Hatch,54_6,15515.216330783733,16125.716866684614,16763.66985922067,17429.263676097566,18122.96713889712
Mini,John Cooper Works,54_9,31802.78644270895,33182.91895853524,34585.8504575592,36022.21479433936,37500.154609047386
Mini,Paceman,54_7,21486.707550069597,22264.401561642386,23097.73562080708,23981.575643328662,24912.79008744432
Mini,Roadster,54_8,21188.019429130414,21981.07095697961,22822.18532073758,23708.382801402233,24638.03516094293
Maserati,Coupe,55_4,89735.92100088736,93312.50211722584,97036.00319532696,100911.14401852847,104943.18026604154
Maserati,Ghibli,55_5,54148.55846271,56015.0860290234,58046.09912964783,60221.2298564582,62527.37978385365
Maserati,GranCabrio,55_6,107651.74835345424,111223.07491941797,115157.67755847258,119403.96041040604,123928.10185153843
Maserati,Gransport,55_7,105546.75037444814,109755.89904265651,114137.2300616241,118696.485804172,123439.98181439692
Maserati,Granturismo,55_8,92646.14823642225,95976.16578149555,99552.1325436869,103350.06193708644,107355.15527872634
Maserati,Levante,55_9,60291.37802216,62422.9108740464,64723.74172070826,67175.43147772658,69766.36679856865
Maserati,Quattroporte,55_10,77480.20908588587,80141.7282844721,83041.01500045655,86148.18790969871,89443.98804254338
Maserati,Spyder,55_11,102150.52786139412,106225.94664376831,110467.56287706192,114881.07024942445,119472.67645949742
Maybach,57,56_1,377111.988884088,392080.3421941208,407682.26751015405,423932.65635034814,440850.1313022137
Maybach,62,56_2,417150.35346835887,433667.2998814912,450895.6444688294,468848.6270620376,487544.5819146376
Mazda,323,57_1,22056.247139318628,22938.945737454364,23856.817665746632,24811.310241532366,25803.916559602767
Mazda,626,57_2,25797.946940359932,26829.541154889015,27902.496236924853,29018.437491490044,30179.063974711386
Mazda,CX-3,57_6,19301.157999999996,19966.405096,20690.30184304,21465.5822970016,22287.573455049664
Mazda,CX-5,57_7,25215.791597605,26133.5581538563,27115.29490465352,28155.38279808974,29250.43137808839
Mazda,CX-7,57_8,37470.319648542776,38964.63453657656,40520.071389504075,42138.670275109354,43822.67430713131
Mazda,Demio,57_9,14557.53319646256,15139.261951932933,15744.431629338558,16373.928334041915,17028.689075074464
Mazda,MPV,57_14,34211.42213549005,35579.067055833715,37001.6613625139,38481.32995412724,40020.30464827128
Mazda,MX-5,57_15,20166.330278681176,20883.454638225623,21656.12262763269,22478.498395452625,23346.92993517097
Mazda,Mazda2,57_10,13637.493171682485,14181.692778321738,14748.050405294976,15337.335362595031,15950.382835860615
Mazda,Mazda3,57_11,18761.463887255828,19443.24179371908,20172.89501114896,20946.157293571698,21760.446122698308
Mazda,Mazda5,57_12,23572.20532167287,24498.77707936645,25467.306643919765,26478.003846641623,27531.527456382835
Mazda,Mazda6,57_13,21784.418393069824,22578.209959206477,23427.028738864436,24326.093155321803,25272.52516836663
Mazda,Premacy,57_17,23986.723802228385,24945.477082160975,25942.79519493784,26980.15632337865,28059.117100764102
Mazda,RX-8,57_18,34663.29578133563,36048.70469170236,37489.86683474977,38988.91127690529,40548.08256611736
Mazda,Tribute,57_19,29563.605947024735,30745.458841912732,31974.79325549415,33253.44622764735,34583.34694610665
Mclaren,540C,58_2,139438.8,143164.152,147594.17807999998,152590.3672032,158058.677291328
Mclaren,570GT,58_3,162162.15999999997,166494.6064,171646.562656,177456.94556224,183816.3876647296
Mclaren,570S,58_4,159009.5,164764.72999999998,170931.7142,177472.45926799998,184363.79118871997
Mclaren,600LT,58_9,196078.0,202637.32,209844.1528,217608.85691199996,225872.86778847995
Mercedes,A Class,59_8,22137.19514311601,22978.451949941205,23866.628328709245,24799.62027239689,25776.433850670255
Mercedes,Amg Gt,59_10,107248.06231903998,110662.56599788158,114476.27546805285,118626.37126795416,123071.15746549776
Mercedes,B Class,59_11,24085.520584670103,24924.869321909075,25835.013634481955,26807.61885764879,27837.36688640603
Mercedes,C Class,59_12,31171.240420373004,32339.0492884115,33577.28273580447,34881.6440783362,36249.798864639335
Mercedes,CL,59_15,118985.43674873696,123696.2047669494,128609.99834141144,133730.56004371677,139063.09568351964
Mercedes,CLA Class,59_16,27263.630452559995,28136.884356792,29110.2558113544,30168.193300012084,31300.390111355024
Mercedes,CLC Class,59_17,27084.942058236054,28159.791084764423,29280.198669094243,30447.217774515484,31662.17429655634
Mercedes,CLK,59_18,48689.15371885014,50637.067934927174,52662.79429945038,54769.47662441668,56960.37507648515
Mercedes,CLS,59_19,52044.62644284103,53870.74121299032,55846.601660214896,57955.187285716966,60185.699868511074
Mercedes,E Class,59_20,38533.15763209863,40043.71247295224,41623.920946769096,43273.799767068995,44994.19714545215
Mercedes,G Class,59_21,97526.0254109383,101123.3210905176,104955.63219833755,109005.02227121052,113261.03851151658
Mercedes,GL Class,59_22,71116.98905141716,73847.65271465704,76721.74769407157,79734.74981141422,82885.03235057664
Mercedes,GLA Class,59_23,26122.8302272,26896.25264704,27782.059200448,28760.3110817344,29817.60218429171
Mercedes,GLC Class,59_24,39421.481061679995,40811.5372219472,42313.23655328509,43914.2325051385,45606.72834814944
Mercedes,GLE Class,59_25,56373.23763699999,58460.35428957999,60681.2994641332,63026.323144777525,65489.81626202393
Mercedes,GLS Class,59_26,96289.47095,102749.793569,108685.90595846,114311.6266494884,119778.89083235094
Mercedes,M Class,59_27,55650.23535540318,57886.81729075864,60209.69074718652,62623.258912432255,65131.81564368034
Mercedes,R Class,59_28,58553.52004765409,60901.841705849714,63342.24197348632,65878.9602720076,68516.2387165952
Mercedes,S Class,59_29,75654.57857551964,78586.39006546856,81663.78551093698,84884.09482136925,88247.08913722036
Mercedes,SL Class,59_30,77549.79531772892,79798.71912241023,82393.52028168716,85271.257769021,88389.50575302831
Mercedes,SLC,59_31,34528.991545,36025.170881499995,37546.69148904999,39104.91878921499,40708.56728920569
Mercedes,SLK,59_32,37060.25166282052,38455.54859739056,39932.79134892623,41487.417568231314,43117.03446670419
Mercedes,V Class,59_36,50744.90245159085,53063.13326291679,55387.56289271708,57744.3984179243,60153.107461290245
Mercedes,Vaneo,59_37,26067.774536074856,27109.579103427328,28193.327777701055,29320.616745904743,30493.13051570788
Mercedes,Viano,59_38,43980.63932297515,45801.01857807887,47675.866898731314,49612.86687895107,51618.35726709847
Mitsubishi,ASX,62_1,17339.79127505837,17977.787824060862,18657.982765623405,19377.060476268416,20133.073775333207
Mitsubishi,Carisma,62_2,18249.63413693623,18978.993349321532,19737.714776129887,20526.91655215993,21347.77844373572
Mitsubishi,Colt,62_3,12345.821816007983,12838.567818949095,13351.349722917616,13884.87114568171,14439.893195202148
Mitsubishi,Eclipse Cross,62_7,22652.97310976,23419.7956181504,24259.079951676416,25161.187905903473,26119.85675145161
Mitsubishi,FTO,62_8,45875.11026673268,47709.605233304814,49617.632831768984,51602.08851743213,53665.99731880409
Mitsubishi,Galant,62_9,33108.82513042608,34433.07273863245,35810.32187027028,37242.683100545866,38732.35427339304
Mitsubishi,Grandis,62_10,28681.695176671616,29826.992525081732,31018.692905025284,32258.475096484493,33548.13823302461
Mitsubishi,Lancer,62_14,61754.91837806611,64578.12005096855,67408.34830945315,70277.65466134337,73209.84154145558
Mitsubishi,Mirage,62_15,11700.284192,12159.52902848,12639.7736177792,13141.068962202367,13663.704800488862
Mitsubishi,Outlander,62_16,26992.454519304887,28019.614931513417,29103.62309077939,30242.024507814374,31433.685033509617
Mitsubishi,Shogun,62_18,33149.57294132509,34479.42350546836,35861.307798230286,37297.65525693973,38790.88806996348
Mitsubishi,Shogun Pinin,62_19,21996.069263000092,22874.84890644152,23789.09867374417,24740.141688425436,25729.3827033745
Mitsubishi,Shogun Sport,62_20,37017.051264356814,38924.03867621777,40779.41397616716,42619.48016224433,44470.48210765543
Mitsubishi,Space Star,62_21,18585.89015845641,19329.501898603172,20102.80526821325,20907.00378450795,21743.344349784584
Mitsubishi,Space Wagon,62_22,29376.159752924003,30550.40897600961,31771.867318128046,33042.351399007806,34363.772026676364
Mitsubishi,i,62_12,40925.54377905622,42631.74840496295,44385.446353482606,46194.76381624671,48066.28409493394
Nissan,350 Z,64_1,38575.29305118967,40110.16378538015,41708.87164529538,43373.23742705722,45105.37456530452
Nissan,370 Z,64_2,27951.23525271762,28588.031076902334,29394.674809831635,30334.64754512214,31382.9634669551
Nissan,Almera,64_3,15183.710012056818,15789.754161465691,16420.431352172942,17076.609523233896,17759.226546045076
Nissan,Almera Tino,64_4,18580.023626058457,19321.30473488394,20092.813038927496,20895.584840738335,21730.749730545485
Nissan,Cube,64_5,19503.25041833697,20275.745581050374,21081.431006478346,21920.947168267645,22795.166300069468
Nissan,GT-R,64_13,86863.12681861983,90175.40648987229,93668.85096842251,97336.1047604282,101173.89877813344
Nissan,Juke,64_14,15175.782947401349,15663.001215180942,16205.65212870666,16795.169819297862,17425.880735879833
Nissan,Leaf,64_16,28665.199559824996,29601.156814437498,30637.747577568647,31760.03862405895,32958.1869693926
Nissan,Micra,64_17,12597.532680272265,13234.722911902583,13857.414075472288,14477.0222114567,15101.821200990831
Nissan,Murano,64_19,51945.31638278419,54032.31406428043,56200.03614518105,58452.538253818886,60793.790247953046
Nissan,NV200,64_22,22861.865637972696,23747.05833977641,24676.443326766825,25649.152917217052,26665.075334071425
Nissan,Note,64_21,11825.501480343508,12270.905861917256,12742.411122045953,13238.575884884194,13758.646742849043
Nissan,Pathfinder,64_24,39035.417203928766,40573.90901972359,42180.81796985891,43856.81750119572,45603.22697002327
Nissan,Patrol,64_25,36581.25870475921,38038.58631067198,39555.98384350454,41135.3210535287,42778.702395068634
Nissan,Pixo,64_28,10282.664720900875,10697.077395468836,11127.134751299936,11573.742123360576,12037.757195701048
Nissan,Primera,64_31,20839.729639569177,21671.613117163237,22537.28364625767,23437.93919519351,24374.87170516113
Nissan,Pulsar,64_32,14491.146736479996,14910.648787139198,15394.974065464769,15932.302556871357,16514.66532929781
Nissan,Qashqai,64_33,19626.464161286916,20218.39051290084,20891.93358303059,21632.976141081417,22432.05083703539
Nissan,Qashqai+2,64_34,22596.020764701738,23488.15354833681,24419.484057403184,25390.526476692343,26402.13167565516
Nissan,Serena,64_35,30231.95659922044,31440.94441009042,32698.378869324843,34006.17170207941,35366.318944749684
Nissan,Terrano,64_38,31612.58402720571,32876.544593325336,34191.22642058032,35558.60950786892,36980.76770950944
Nissan,X-Trail,64_41,24678.312465423995,25523.725404068795,26445.470728251035,27433.846972994717,28482.591042844055
Perodua,Kelisa,68_1,6878.643203093545,7152.293943494986,7437.339209829175,7734.100234238416,8042.951462819204
Perodua,Kenari,68_3,9439.208280526,9814.953743046692,10206.275884678316,10613.63371440228,11037.553819014152
Perodua,Myvi,68_2,8057.159344704211,8356.094733635722,8673.992833581491,9009.510564344988,9361.881599112954
Peugeot,1007,69_1,17865.780190510905,18579.554938034948,19322.13761348887,20094.603452581192,20898.09382487138
Peugeot,106,69_2,13176.095464026988,13703.018090750718,14251.053980094604,14821.036755298086,15413.836656709798
Peugeot,107,69_3,9895.3304347372,10279.04119328376,10681.73111982506,11103.070159785026,11543.041822793302
Peugeot,108,69_4,9682.28602956,10042.4882842824,10425.225385131696,10828.960699171565,11252.827536182647
Peugeot,2008,69_5,17798.630218,18548.4924166,19316.974006179997,20108.232291468397,20925.567110655975
Peugeot,206,69_6,13575.472959639244,14118.414834011866,14683.097496563278,15270.383644859468,15881.172564557404
Peugeot,207,69_9,20262.355656312742,21163.351116485817,22073.236024889644,23000.511070506305,23951.573436561313
Peugeot,208,69_12,14835.274478799998,15457.432823032,16095.853291509278,16753.773632058852,17433.784923563646
Peugeot,3008,69_13,23954.32670489243,24998.6855781607,26058.96306483793,27143.55263191701,28258.856468333583
Peugeot,306,69_14,23024.240655247755,23944.536774846016,24901.846791211705,25897.590644620468,26933.263257637493
Peugeot,307,69_15,18963.80122305189,19721.318228448883,20509.446427119277,21329.317112876757,22182.134777462725
Peugeot,308,69_18,17630.821685209397,18298.307789796974,19003.8173674143,19745.47414832868,20522.345974614294
Peugeot,4007,69_21,34015.86205908757,35368.55476914675,36777.73771929959,38244.95575964246,39772.02996212777
Peugeot,406,69_22,24795.36273923844,25786.468155535196,26817.430516465654,27889.780281420622,29005.12827368488
Peugeot,407,69_23,25523.090026758175,26542.95712725827,27603.93586194944,28707.575611148008,29855.516255898343
Peugeot,5008,69_25,25801.36350153813,26923.05419215829,28062.72166523567,29229.152245618832,30429.063535085195
Peugeot,508,69_26,26821.088530078152,27959.883057723506,29124.44407054201,30321.73781672038,31557.228517738884
Peugeot,607,69_28,37976.64888491968,39495.89965099408,41075.86500450818,42718.99016192054,44427.81315845979
Peugeot,806,69_38,37198.47065407707,38686.09223944285,40233.313860462455,41842.49096689028,43516.08179197242
Peugeot,807,69_29,33169.67869326027,34501.24912952864,35884.647396686356,37322.37710393741,38816.91285606343
Peugeot,Bipper Tepee,69_30,15630.471292266076,16254.114958259526,16903.17692660187,17578.53216267432,18281.13316048716
Peugeot,Expert Combi,69_40,29767.981999999996,30969.475399999996,32215.796299999995,33509.70747079999,34853.791292792
Peugeot,Expert Tepee,69_32,28382.984093440733,29502.130695736436,30670.894990556542,31889.806137072264,33159.85112538058
Peugeot,Partner Combi,69_39,15712.047591758514,16338.324052175376,16990.31320398496,17668.845064950154,18374.842400512214
Peugeot,Partner Tepee,69_35,17659.964078724246,18399.006556815773,19157.817559548195,19940.125780251976,20748.927674287355
Peugeot,RCZ,69_36,25863.74767195712,26848.990043392143,27888.434370317544,28979.81105276305,30122.09101021653
Peugeot,Traveller,69_37,32052.95665055999,33229.9975525824,34485.64329988569,35813.58112352112,37210.082832609965
Peugeot,iOn,69_33,22831.67605451677,23442.688835678546,24168.818406392453,24987.466554748888,25883.292005409363
Porsche,718 Boxster,71_2,48426.079799664,50234.74104145056,52154.26331796858,54177.52669508933,56300.592753974306
Porsche,718 Cayman,71_3,46391.466722576006,48131.25457207904,49975.395181382206,51917.6342871315,53954.59596756256
Porsche,911,71_4,79570.33103928422,81984.26627469895,84725.42232137726,87737.6889912156,90983.4713947525
Porsche,Boxster,71_6,46109.807042331566,47891.579828866656,49763.4093754106,51723.262197799515,53770.71419887224
Porsche,Cayenne,71_8,59869.94688852577,62335.95672681283,64879.24336980757,67509.30696634544,70234.10494822115
Porsche,Cayman,71_9,44800.016047100515,46427.68316902443,48169.75703181334,50016.02388830542,51960.29844649132
Porsche,Macan,71_10,49461.85648672,51382.08494481279,53396.59628164211,55503.91969023355,57704.09816797092
Porsche,Panamera,71_11,73486.1339308263,76222.78338172496,79129.7375825599,82195.55709175846,85413.8203795561
Proton,GEN-2,72_1,12202.377446335884,12686.644259063463,13191.430229837906,13717.211579319755,14264.586940694378
Proton,Impian,72_2,17180.428849393964,17865.50652625487,18578.62915332467,19320.72597567138,20092.82117404784
Proton,Persona,72_4,22930.893048731676,23848.01334025216,24801.853072562106,25793.870634554485,26825.585867299593
Proton,Satria Neo,72_5,11263.671098690293,11706.264463885384,12168.947607314038,12651.808307017864,13155.152596086467
Proton,Savvy,72_6,10230.680423491276,10636.349755289708,11059.313225902442,11499.942391219342,11958.719732264675
Proton,Wira,72_7,15730.641601967563,16360.212466931234,17014.862606227958,17695.62625891071,18403.569713170684
Renault,Captur,75_1,15773.787218,16273.9559486,16833.36625586,17442.617354615602,18095.463562765064
Renault,Clio,75_2,12678.500944802572,13167.1617180018,13680.91270150686,14219.094369916626,14781.519756957936
Renault,Espace,75_3,33903.112975586075,35275.775324188864,36698.38281786196,38174.42166707032,39707.07100929885
Renault,Grand Espace,75_5,36135.483160790915,37577.37240086349,39077.996236446685,40639.38634358861,42263.750977710995
Renault,Grand Modus,75_6,14932.244672536872,15523.532932277678,16140.273180556316,16782.943359469842,17452.202570032525
Renault,Grand Scenic,75_7,23954.94756518833,24843.86195163183,25789.11796838228,26786.733764197197,27834.438868720827
Renault,Kadjar,75_8,21179.71942056,21968.7727843824,22806.828906657694,23690.615710554004,24618.29989231716
Renault,Kangoo,75_9,16094.262673400648,16736.71096222622,17405.25384803795,18100.81611508535,18824.39523887688
Renault,Koleos,75_10,26953.206463568997,27847.033836498296,28831.904570028804,29894.873318879363,31027.453047869123
Renault,Laguna,75_11,24315.085329481815,25285.118831964766,26294.72464775593,27345.25437742497,28438.183073153137
Renault,Megane,75_12,18409.01160547273,19125.91253378931,19877.32736000925,20662.88528181748,21482.726072275684
Renault,Modus,75_13,14247.202055128331,14813.08499164444,15402.804789327896,16016.954459513388,16656.258872922586
Renault,Scenic,75_14,21586.18531005541,22350.51685303879,23175.156418567152,24053.595899294607,24981.74299205573
Renault,Twingo,75_18,10508.113523418517,10909.12484239296,11331.970580715071,11775.78592518215,12240.192927056369
Renault,Vel Satis,75_20,37535.12058157328,39035.405219122214,40596.0372978873,42219.32989880293,43907.71887105514
Renault,Wind,75_21,17464.899750433266,18141.55176372213,18851.85305056109,19595.174623986582,20371.454824928187
Renault,Zoe,75_22,26407.041904319995,27350.679032812797,28365.85501074931,29445.29338281608,30584.46803827449
Rolls Royce,Dawn,77_2,299028.09004992,309781.12649191683,321326.71053959354,333587.8162527773,346516.9550070084
Rolls Royce,Ghost,77_3,236985.6832837933,244578.7145546553,253041.38589449873,262238.7072606387,272081.2217023163
Rolls Royce,Phantom,77_4,348183.0361369731,360570.6034307676,373915.5996618192,388117.7441139666,403114.31820449745
Rolls Royce,Silver Seraph,77_5,326744.3118767483,339810.96166551823,353401.21425172896,367535.7327055111,382236.09093233064
Rolls Royce,Wraith,77_6,272161.53419864,282214.63649874076,292919.87061119906,304228.3194924031,316111.6101118285
Rover,25,78_1,14001.091051123993,14560.622220320194,15142.688378138871,15748.144801568536,16377.894815444151
Rover,45,78_2,24498.06787606863,25480.01272279181,26500.62872387979,27561.64471735839,28664.804097219116
Rover,600,78_8,35057.30337385324,36459.476728443915,37917.77265132726,39434.425355002255,41011.76162753768
Rover,75,78_3,28982.872553611214,30140.77199172288,31345.412046568847,32598.53495105553,33901.99084493451
Rover,City Rover,78_5,11283.830393228413,11734.767428780677,12203.866799808096,12691.817543513753,13199.347495453634
Rover,Mini,78_6,16405.58836691566,17061.51573264786,17743.76904369267,18453.37468265761,19191.408084015977
Rover,Streetwise,78_7,20032.64050354011,20834.85117548795,21668.878758771833,22536.07738450776,23437.83091265761
Seat,Alhambra,79_1,27088.173240074862,28079.8688520524,29138.78168379668,30259.335605512075,31438.210887787027
Seat,Altea,79_2,23191.221842853472,24153.76438469275,25144.340527768058,26167.2120462601,27225.869056277428
Seat,Arona,79_4,17864.36199872,18469.0859266688,19130.95397733555,19842.365365948972,20598.381241250932
Seat,Arosa,79_5,10913.486006866768,11349.601603731597,11803.288977493969,12275.212853322904,12766.075989166246
Seat,Ateca,79_6,20089.27438864,20798.4908661856,21564.38235223302,22380.723942302346,23243.58930718044
Seat,Cordoba,79_7,16935.557128911973,17612.104694904527,18315.97657928596,19048.18703006707,19809.814482596532
Seat,Exeo,79_8,25409.17549711654,26412.546418343227,27459.951006016378,28551.980957914624,29689.602534391524
Seat,Ibiza,79_9,13174.083104263873,13767.881742802309,14365.38173257192,14972.74630591506,15594.580670979847
Seat,Leon,79_10,19223.42491651602,19829.184641561216,20508.127937092853,21248.496191485,22042.4662349803
Seat,Mii,79_11,11196.828776212998,11721.9355353491,12244.87648242437,12772.51600968426,13309.90777764567
Seat,Toledo,79_12,17666.225452800023,18379.664787072015,19119.604599866892,19887.716038779963,20685.55375877404
Skoda,Citigo,80_1,8869.394717468998,9146.1586382283,9457.396676199807,9797.466727957466,10162.60732637253
Skoda,Fabia,80_2,11165.939335654835,11575.615003374383,12012.766269514708,12475.16558649904,12961.494276301622
Skoda,Felicia,80_11,12170.710411779615,12657.375498213369,13163.556187115704,13690.018402881991,14237.563116794434
Skoda,Karoq,80_3,22587.375697279997,23351.9776771712,24188.831650658045,25088.32732316437,26044.220100626942
Skoda,Kodiaq,80_4,23876.27696248,24719.5782979792,25630.136609798366,26600.584700120304,27626.27792627612
Skoda,Octavia,80_5,18366.141812813436,19067.235844969404,19806.43913051858,20582.256391964605,21394.03843500089
Skoda,Rapid,80_6,15094.33180193,15630.349967591,16208.135391803298,16823.260805331494,17472.951236044
Skoda,Roomster,80_8,11494.160844622347,11918.699817526718,12370.78858761142,12848.358675284424,13350.210003213782
Skoda,Superb,80_9,21470.751649035916,22280.16912617794,23136.78707905147,24038.04639369202,24982.61973147465
Skoda,Yeti,80_10,18966.19735352016,19683.84065795371,20442.491071476783,21240.0984653793,22075.637829724885
Saab,9-3,81_1,28908.50041845685,30066.13416951973,31269.685150327736,32521.1064861599,33822.39449647964
Saab,9-5,81_3,36404.31517472544,37874.08632158786,39398.56875236277,40981.17478699525,42625.08607765164
Smart,Roadster,84_3,19588.431995715844,20371.474514308695,21185.987162015997,22033.184215491103,22914.341881006876
Smart,forfour,84_1,12120.177582308996,12697.302419616297,13269.816930211407,13845.845297087184,14431.344091737796
Smart,fortwo,84_2,11542.161807125754,12091.903152988029,12637.21769061162,13185.853286288931,13743.490239377485
Ssangyong,Korando,85_1,16878.395864088,17468.803525341602,18108.24594503832,18791.058977917994,19513.63957358941
Ssangyong,Kyron,85_3,17729.01171000502,18421.383661615873,19146.48704632797,19904.120154954304,20694.52649989373
Ssangyong,Musso,85_4,38788.1787904542,40339.617485186216,41953.14026477336,43631.222531490086,45376.44109203774
Ssangyong,Rexton,85_5,28271.272329490566,29549.880213696197,30835.30531596225,32141.11845420349,33477.44384029355
Ssangyong,Rodius,85_6,20040.596197155926,20840.501537203367,21672.918643204343,22538.99332009151,23439.963604706463
Ssangyong,Tivoli,85_7,14392.808053919998,14907.5109660768,15461.104817719872,16049.654399528668,16670.714347879813
Ssangyong,Tivoli XLV,85_8,18405.16669,19120.122282999997,19870.0514221,20654.440452429997,21473.328951939395
Ssangyong,Turismo,85_9,19889.51662112,20545.298434783996,21269.251176348796,22051.519786324156,22885.629571822108
Subaru,BRZ,86_1,26335.796785209,27278.9076971919,28292.839333481752,29370.495636702548,30507.475373087716
Subaru,Forester,86_2,30911.58053914496,32575.15904940147,34177.14611346103,35753.518449457915,37330.15973145715
Subaru,Impreza,86_3,20194.843850588095,20976.41331270447,21797.11284087764,22656.14745147824,23553.39841741322
Subaru,Justy,86_4,13822.813189289693,14373.974133379048,14947.706990276643,15544.756993981417,16165.946480606266
Subaru,Legacy,86_5,28223.462083317827,29348.833418137077,30520.28975090313,31739.353438167655,33007.704043754246
Subaru,Levorg,86_6,31929.81243002,33096.3471350108,34342.74056586424,35662.2278703159,37050.76136240051
Subaru,Outback,86_7,31401.966881604407,32497.773617123086,33685.49420398616,34954.38072167031,36297.58267520442
Subaru,XV,86_11,23819.81627325165,24681.88079487296,25605.646336151745,26585.41540623652,27617.71227413308
Suzuki,Alto,87_1,8664.76147710312,8998.450222800766,9349.357032342265,9717.009474076578,10101.26456534808
Suzuki,Baleno,87_2,13176.951422982496,13625.683800887746,14115.869177613422,14642.114562001076,15200.9265765793
Suzuki,Celerio,87_3,8687.263829999998,9062.199253799998,9443.898633372,9835.10256530088,10237.920258528717
Suzuki,Grand Vitara,87_4,18714.669136818375,19445.638797976917,20211.13237687606,21010.945290837142,21845.340435690865
Suzuki,Ignis,87_5,11921.6439258408,12471.064070707438,13020.69470501884,13577.074143257769,14145.043264014805
Suzuki,Jimny,87_6,13521.3689249255,14006.966862687532,14528.56576373054,15082.63255285462,15666.9847659712
Suzuki,Kizashi,87_7,27059.011832524557,28106.724698855345,29206.74036193042,30358.032648992237,31560.469825761153
Suzuki,Liana,87_8,15670.569855090434,16295.509221749457,16946.01119133822,17622.9287594949,18327.1998942269
Suzuki,SX4,87_11,12581.273889999871,13033.717235176598,13519.500597287371,14035.384892071466,14579.373277379143
Suzuki,SX4 S-Cross,87_12,18392.722165072,19183.494145074877,19989.37807625787,20815.93411507419,21667.45812071336
Suzuki,Splash,87_9,11571.280550772111,12018.383290660857,12488.094684787797,12979.901715929658,13493.696055192093
Suzuki,Swift,87_10,12512.329682977852,13074.341953477777,13640.378989843455,14216.13850019579,14805.88508573464
Suzuki,Vitara,87_13,16868.065242529,17568.74049321478,18289.656961632605,19033.960034180374,19804.220191405315
Suzuki,Wagon R,87_14,13068.332559894194,13590.169710541692,14133.149192739573,14698.036046092504,15285.650107886548
Tvr,Cerbera,88_1,65333.64239418416,67939.18309882918,70651.2869289967,73473.51396050662,76409.77740697193
Tvr,Tuscan,88_4,63346.55362006664,65872.86714238183,68502.49779233587,71238.89887901045,74085.86565665767
Tesla,Model S,90_1,69554.10813404,72368.8077861416,75286.33482630526,78313.73052946007,81457.43936771029
Tesla,Model X,90_2,81543.29397904,84593.69452020159,87829.51044840965,91239.13856952604,94816.21750453308
Toyota,AYGO,92_6,9849.375312149665,10208.725224642369,10592.836663632765,10999.583831181362,11427.69077513092
Toyota,Auris,92_3,20329.001726725495,21354.73983910785,22357.73406299149,23356.206666734684,24363.369202260543
Toyota,Avensis,92_4,20192.272299983622,20941.763598916536,21738.694427726696,22579.72440423321,23462.95091998075
Toyota,Avensis Verso,92_5,31623.34277601054,32886.99756823205,34201.58222778809,35569.018846678344,36991.34093139059
Toyota,C-HR,92_8,23241.735938720005,24058.227038268808,24941.331283199557,25883.52714890754,26880.04806492984
Toyota,Camry,92_9,35909.02560303032,37344.455472416565,38837.581882998755,40390.62889249857,42005.93466212442
Toyota,Celica,92_10,28299.393238117125,29429.476654036236,30605.331100673782,31828.617111034004,33101.11273190865
Toyota,Corolla,92_11,22345.080508748084,23241.88428465237,24173.66004492651,25142.07671894521,26148.78897825816
Toyota,GT86,92_17,25908.182843318995,26732.825590323297,27653.959417226302,28656.392356218417,29730.04024407929
Toyota,Land Cruiser,92_21,35032.11403186295,36180.44793310086,37450.600388399274,38824.67858051731,40290.90364734545
Toyota,Land Cruiser Amazon,92_22,79174.17043467672,82340.5930659895,85633.83585837706,89058.92264153573,92621.09289137369
Toyota,Land Cruiser Colorado,92_23,45656.78359249293,47482.76042156532,49381.8646781888,51356.99495314896,53411.17373275774
Toyota,MR2,92_25,29159.421564156644,30323.681556597345,31535.14700977334,32795.51562380274,34106.61016230178
Toyota,Picnic,92_27,33071.55108018486,34394.16546242463,35769.75871824428,37200.42771309991,38688.35987391201
Toyota,Previa,92_29,35667.40255048949,37092.909119792384,38575.7928116824,40118.24165311853,41722.56330952145
Toyota,Prius,92_30,25960.113771634264,26948.405351606387,27991.262486045365,29086.357629749487,30232.623185923083
Toyota,RAV4,92_34,25699.219597090338,26605.46201236323,27584.47203483026,28628.204995604225,29731.581050994915
Toyota,Starlet,92_36,17061.151728308236,17743.514240654935,18453.196320531195,19191.28323052749,19958.90589977111
Toyota,Urbancruiser,92_39,21746.71517209101,22612.08009077608,23513.410712668127,24451.74033395755,25428.26518226375
Toyota,Verso,92_40,20455.02161479492,21229.711942439644,22048.44304427428,22909.060602941183,23810.49891288599
Toyota,Yaris,92_44,13256.863693411924,13773.073833388347,14314.151701291845,14879.82620954109,15470.195166061036
Toyota,iQ,92_20,13377.808865142826,13899.219754117852,14445.597518341086,15016.707700915693,15612.676406240991
Vauxhall,ADAM,94_1,14080.937276949997,14645.202141864997,15231.729389225497,15841.501977974647,16475.514446319725
Vauxhall,Agila,94_2,10866.393104863311,11295.699391200807,11743.782760348911,12210.912846212925,12697.514502876476
Vauxhall,Ampera,94_3,39545.104005668145,40983.66919437319,42522.74868208294,44153.47153332064,45870.47942742152
Vauxhall,Antara,94_4,22770.92327411517,23627.977712066015,24535.44907543902,25490.51361687983,26491.686766451312
Vauxhall,Astra,94_5,18025.520631707208,18786.294657363047,19565.57368392885,20367.675699475905,21196.018075187872
Vauxhall,Cascada,94_7,29534.619309964495,30695.19514759275,31908.43669915723,33174.57778908606,34494.42343602328
Vauxhall,Combo Tour,94_8,20091.336606572,21141.2055578612,22159.20462109407,23166.218394580737,24177.31904241399
Vauxhall,Corsa,94_9,11284.984464763307,11783.644517334316,12288.07276981402,12802.753410857014,13331.0739584666
Vauxhall,Crossland X,94_10,18123.423656959996,18752.6279312384,19435.720178087937,20166.239975931458,20940.05326847271
Vauxhall,Frontera,94_11,34144.761955777154,35510.47749207222,36930.84413239989,38408.04117614724,39944.33711810908
Vauxhall,Grandland X,94_12,24156.24714576,24973.9567655904,25868.936850014015,26830.909593674576,27853.19666618356
Vauxhall,Insignia,94_13,18870.486562264243,19552.96882669857,20284.451541127142,21060.38437572467,21877.988091820363
Vauxhall,Meriva,94_14,15113.417710546037,15694.809525523026,16306.40048113255,16947.315502589874,17617.269424241884
Vauxhall,Mokka,94_15,19424.680980074896,20182.792974052427,20976.8920213567,21806.71883205049,22672.513376220173
Vauxhall,Monaro,94_17,49118.635551263666,51080.859989667064,53122.329700700735,55245.98760674166,57454.96241362037
Vauxhall,Omega,94_19,34387.101403361165,35762.08774485931,37192.22285440827,38679.66788841281,40226.68388782907
Vauxhall,Signum,94_20,28945.37617728737,30100.31769468544,31302.318931687463,32553.00365940519,33854.138185096555
Vauxhall,Tigra,94_21,21860.008898081676,22732.396755029786,23640.28387594836,24584.909106488467,25567.61518359953
Vauxhall,VX220,94_25,45216.5214411085,47024.59050975568,48905.1598778479,50861.0762963532,52895.316364581304
Vauxhall,VXR8,94_26,58771.93243516312,60968.753381478185,63299.66407097329,65756.1630217774,68333.56821422413
Vauxhall,Vectra,94_22,23475.581176706677,24412.99139718268,25388.3819344554,26403.126828803404,27458.698633834392
Vauxhall,Viva,94_23,10241.2805,10631.227742,11042.68406708,11474.7364805432,11926.967475310928
Vauxhall,Vivaro,94_24,38275.937745295,40751.44081620251,43042.6243416176,45227.1174402192,47360.15382528379
Vauxhall,Zafira,94_27,21035.72675008167,21895.35260535157,22783.904459252277,23704.177062403018,24658.58564224559
Volkswagen,Arteon,95_2,33745.675323040006,34893.04521396161,36147.04703712007,37493.72492882487,38924.031133131866
Volkswagen,Beetle,95_3,18830.84683666521,19579.970399387246,20360.291997841538,21172.689625490355,22018.187373924586
Volkswagen,Bora,95_4,23312.824288767024,24244.2049583572,25213.18054531914,26221.15293917126,27269.61067716566
Volkswagen,CC,95_12,28486.8982056373,29540.804137275263,30662.537305155005,31847.109499033315,33091.643370165126
Volkswagen,Caddy Life,95_6,21800.132628,22541.4240396,23351.58127572,24221.594718924,25145.6236422036
Volkswagen,Caddy Maxi Life,95_8,24144.128949414313,25147.87394459002,26180.374788413013,27246.19990017711,28349.074980343496
Volkswagen,California,95_9,44150.08614065214,45897.63068415122,47720.61468002836,49620.39440518725,51598.87877796518
Volkswagen,Caravelle,95_11,42165.69453333471,43851.56399173301,45605.095725347775,47428.927976123494,49325.82499040171
Volkswagen,E-Golf,95_36,32039.937599999997,32895.940704,33913.86225216,35061.8754862464,36318.37162649626
Volkswagen,Eos,95_13,32994.632744540344,34335.61624763155,35723.87963285353,37163.22193288937,38657.02179051013
Volkswagen,Fox,95_14,10359.935284398627,10773.455852899782,11203.78029700342,11651.501855874909,12117.261173003852
Volkswagen,Golf,95_15,19153.947798202873,19841.42310674201,20580.00220863941,21364.647821324383,22192.24560121494
Volkswagen,Jetta,95_18,21128.11792600936,21916.22692401455,22752.96499765051,23635.14589522929,24560.995339409394
Volkswagen,Lupo,95_19,13830.57100198518,14383.522415234736,14958.67331306323,15556.887246439132,16179.06963689406
Volkswagen,Passat,95_20,23609.218109399368,24487.012616982756,25419.89116990726,26404.065450475184,27437.393112134338
Volkswagen,Phaeton,95_21,63897.793973868655,66386.06100437151,68994.15213463006,71720.77230307384,74566.4010533378
Volkswagen,Polo,95_22,12721.204414825685,13202.669468105978,13711.608060511306,14246.654652508518,14807.128427312591
Volkswagen,Scirocco,95_23,23310.93170004461,24157.763493096827,25064.150200356,26024.76952564495,27036.39762876305
Volkswagen,Sharan,95_24,29791.51895457234,30944.374114255035,32154.985159875097,33422.16982300501,34745.74629563965
Volkswagen,T-Roc,95_25,20482.79204688,21176.1520707552,21935.03199298541,22750.716960284823,23617.54422000222
Volkswagen,Tiguan,95_26,24901.968910388165,25824.45828447811,26805.924048229335,27842.102212818976,28930.54514319406
Volkswagen,Touareg,95_28,39911.56803432004,41311.54632720482,42826.4690803514,44443.250473606335,46153.586333579195
Volkswagen,Touran,95_29,24795.30990098763,25817.32121398094,26871.15330440784,27960.79690589152,29089.58701064234
Volkswagen,up!,95_33,9881.09897261,10247.356601147,10636.9604339357,11048.2355494131,11480.222660073608
Volvo,C30,96_1,19521.304177388614,20288.26597703916,21090.073358909227,21926.870013217547,22799.180417712618
Volvo,C70,96_2,40564.0657527342,42201.68226330855,43900.28727016638,45663.67516240088,47495.3856498964
Volvo,S40,96_3,23346.02860920252,24280.030004316384,25251.343380011076,26261.475638076943,27311.98962960582
Volvo,S60,96_4,23709.987602588728,24560.21853973211,25473.909284449277,26444.763058016768,27468.8817618701
Volvo,S70,96_19,40918.56342467671,42555.081280669365,44257.12725520005,46027.302251720794,47868.31727620854
Volvo,S80,96_5,36159.726778927456,37597.42375533613,39095.23623922568,40654.786562367975,42277.99663636398
Volvo,S90,96_6,37171.235524,38520.97343896,39965.8343223184,41497.28305727114,43110.145133003985
Volvo,V40,96_7,21392.349551379462,22111.90676596562,22901.087299375933,23750.42377529115,24653.74581506093
Volvo,V50,96_9,26313.073574535934,27367.228204506544,28463.059513579225,29602.38142074709,30787.036346214256
Volvo,V60,96_10,25785.235018248448,26769.415864274713,27807.132510553132,28896.275819170456,30035.927457673915
Volvo,V70,96_12,29954.4709250593,31090.27689342359,32290.226961113876,33551.273333925776,34871.93037333994
Volvo,V90,96_14,39357.81594,40781.5714716,42307.444356264,43925.96914857456,45631.366827159545
Volvo,XC40,96_20,29901.4871888,30913.678096352,32021.51721420608,33212.282298574326,34477.7066675773
Volvo,XC60,96_16,35480.909364718624,36837.700784576635,38267.4973476482,39767.599213736066,41336.88456281288
Volvo,XC70,96_17,38812.6115109039,40308.53340520445,41881.26694511769,43528.79216551595,45250.53603195207
Volvo,XC90,96_18,52184.946614792134,54432.51008917049,56721.92641958798,59069.284625166976,61486.992814330486
